,DNA Sequence,RNA Sequence,  GC Content  ,  Reverse Complement  
0,AGCTATAG,AGCUAUAG,37.5,CTATAGCT
1,ttcagttgtg,UUCAGUUGUG,40.0,CACAACTGAA
2,aatgaatgga,AAUGAAUGGA,30.0,TCCATTCATT
3,cgtgccaaat,CGUGCCAAAU,50.0,ATTTGGCACG
4,agacgtgccg,AGACGUGCCG,70.0,CGGCACGTCT
5,ccgccgctcg,CCGCCGCUCG,90.0,CGAGCGGCGG
6,attcgcactt,AUUCGCACUU,40.0,AAGTGCGAAT
7,tgctttcggt,UGCUUUCGGU,50.0,ACCGAAAGCA
8,tttgccgtcg,UUUGCCGUCG,60.0,CGACGGCAAA
9,tttcacgcgt,UUUCACGCGU,50.0,ACGCGTGAAA
10,ttagttccgt,UUAGUUCCGU,40.0,ACGGAACTAA
11,tcggttcatt,UCGGUUCAUU,40.0,AATGAACCGA
12,cccagttctt,CCCAGUUCUU,50.0,AAGAACTGGG
